<assembly xmlns="http://maven.apache.org/ASSEMBLY/2.0.0"
          xmlns:xsi="http://www.w3.org/2001/XMLSchema-instance"
          xsi:schemaLocation="http://maven.apache.org/ASSEMBLY/2.0.0 http://maven.apache.org/xsd/assembly-2.0.0.xsd">
    <id>src</id>
    <baseDirectory>/</baseDirectory>
    <formats>
        <format>zip</format>
    </formats>
    <fileSets>
        <fileSet>
            <directory>${project.basedir}</directory>
            <useDefaultExcludes>true</useDefaultExcludes>
            <includes>
                <include>src/**</include>
                <include>**/.empty</include>
                <include>*.xml</include>
                <include>*.txt</include>
            </includes>
            <excludes>
                <exclude>target/**</exclude>
            </excludes>
        </fileSet>
    </fileSets>
</assembly>
